,Product Name,Product Description,Review Text,Rating
0,iPhone 15,The Apple iPhone 15 redefines smartphone innovation with its cutting-edge features and design.,"The iPhone 15 is a masterpiece! The sleek design, powerful performance, and advanced features make it the best smartphone on the market. Highly recommend!","{""durability"": 5, ""ease of use"": 5, ""pleasant look"": 5, ""packaging"": 3, ""overall quality"": 5}"
1,MacBook Pro 2023,"Experience the ultimate in computing power with the MacBook Pro 2023, featuring blazing-fast performance and stunning Retina display.","The MacBook Pro 2023 is a game-changer! The performance is lightning-fast, the Retina display is breathtaking, and the build quality is top-notch. Absolutely love it!","{""durability"": 5, ""ease of use"": 5, ""pleasant look"": 5, ""packaging"": 4, ""overall quality"": 5}"
2,Kindle Paperwhite,"Enjoy reading your favorite books anytime, anywhere with the Kindle Paperwhite e-reader.","The Kindle Paperwhite is a must-have for book lovers! The adjustable lighting, crisp display, and long battery life make it perfect for hours of reading. Highly recommend!","{""durability"": 5, ""ease of use"": 5, ""pleasant look"": 5, ""packaging"": 2, ""overall quality"": 5}"
3,Canon EOS R5,Capture life's moments in stunning detail with the Canon EOS R5 mirrorless camera.,"The Canon EOS R5 is a game-changer! The image quality is phenomenal, and the autofocus system is lightning-fast. Plus, the build quality is top-notch. Highly recommend!","{""durability"": 5, ""ease of use"": 5, ""pleasant look"": 5, ""packaging"": 4, ""overall quality"": 5}"
4,Nike Air Zoom Pegasus 38,Experience unparalleled comfort and performance with the Nike Air Zoom Pegasus 38 running shoes.,"The Nike Air Zoom Pegasus 38 is a game-changer! The responsive cushioning and breathable upper provide a comfortable and supportive ride, whether you're running on the road or hitting the gym. Highly recommend!","{""durability"": 5, ""ease of use"": 4, ""pleasant look"": 5, ""packaging"": 2, ""overall quality"": 5}"
5,Levi's 501 Original Fit Jeans,Stay stylish and comfortable with the Levi's 501 Original Fit Jeans.,"The Levi's 501 Original Fit Jeans are a wardrobe essential! The classic fit and timeless design make them perfect for any occasion. Plus, they're so comfortable to wear all day long. Absolutely love them!","{""durability"": 5, ""ease of use"": 3, ""pleasant look"": 5, ""packaging"": 5, ""overall quality"": 5}"
6,IKEA MALM Dresser,Add style and functionality to your bedroom with the IKEA MALM Dresser.,"The IKEA MALM Dresser is a game-changer! The spacious drawers and sleek design make it perfect for storing clothes and accessories. Plus, it's easy to assemble and looks great in any room. Highly recommend!","{""durability"": 5, ""ease of use"": 4, ""pleasant look"": 5, ""packaging"": 3, ""overall quality"": 5}"
7,The Lord of the Rings: The Fellowship of the Ring,Embark on an epic adventure with The Lord of the Rings: The Fellowship of the Ring.,"The Lord of the Rings: The Fellowship of the Ring is a masterpiece! The captivating story, breathtaking visuals, and unforgettable characters make it a timeless classic. Highly recommend!","{""durability"": 5, ""ease of use"": 5, ""pleasant look"": 5, ""packaging"": 4, ""overall quality"": 5}"
8,Harry Potter and the Sorcerer's Stone,Step into the magical world of Hogwarts with Harry Potter and the Sorcerer's Stone.,"Harry Potter and the Sorcerer's Stone is a magical journey! The captivating story, enchanting characters, and immersive world-building make it a must-read for all ages. Highly recommend!","{""durability"": 5, ""ease of use"": 5, ""pleasant look"": 5, ""packaging"": 2, ""overall quality"": 5}"
9,Game of Thrones: A Song of Ice and Fire,Experience the epic fantasy world of Westeros with Game of Thrones: A Song of Ice and Fire.,"Game of Thrones: A Song of Ice and Fire is a masterpiece! The intricate plot, complex characters, and immersive world-building make it a must-read for fantasy fans. Highly recommend!","{""durability"": 5, ""ease of use"": 5, ""pleasant look"": 5, ""packaging"": 5, ""overall quality"": 5}"
10,Samsung Galaxy Tab S8,Experience the ultimate in tablet technology with the Samsung Galaxy Tab S8.,"The Samsung Galaxy Tab S8 is a game-changer! The stunning display, powerful performance, and sleek design make it perfect for work and play. Highly recommend!","{""durability"": 5, ""ease of use"": 5, ""pleasant look"": 5, ""packaging"": 3, ""overall quality"": 5}"
11,Amazon Echo Show 15,Transform your home with the Amazon Echo Show 15 smart display.,"The Amazon Echo Show 15 is incredible! The large display, immersive sound, and built-in Alexa features make it perfect for staying connected and entertained. Highly recommend!","{""durability"": 5, ""ease of use"": 5, ""pleasant look"": 5, ""packaging"": 2, ""overall quality"": 5}"
12,Adidas Ultraboost 22,Experience unmatched comfort and performance with the Adidas Ultraboost 22 running shoes.,"The Adidas Ultraboost 22 is a game-changer! The responsive cushioning and lightweight design provide a smooth and supportive ride, whether you're running errands or hitting the gym. Highly recommend!","{""durability"": 5, ""ease of use"": 4, ""pleasant look"": 5, ""packaging"": 5, ""overall quality"": 5}"
13,Nikon D850 DSLR Camera,Capture stunning images with the Nikon D850 DSLR camera.,The Nikon D850 is a professional-grade camera with exceptional image quality and performance. Highly recommend!,"{""durability"": 5, ""ease of use"": 4, ""packaging"": 5, ""pleasant look"": 5, ""overall quality"": 5}"
14,Maybelline New York Fit Me Matte + Poreless Foundation,Achieve a flawless complexion with Maybelline New York Fit Me Matte + Poreless Foundation.,"The Maybelline Fit Me Foundation provides excellent coverage and controls shine. However, the shade range is limited, and it tends to oxidize throughout the day.{""durability"": 3, ""ease of use"": 4, ""packaging"": 4, ""pleasant look"": 3, ""overall quality"": 3}","{""durability"": 5, ""ease of use"": 5, ""pleasant look"": 5, ""packaging"": 3, ""overall quality"": 5}"
15,IKEA Ektorp Sofa,Relax in style with the IKEA Ektorp Sofa.,"The IKEA Ektorp Sofa is comfortable and affordable, perfect for lounging with family and friends. However, the assembly process can be time-consuming, and the cushions tend to lose their shape over time.{""durability"": 3, ""ease of use"": 2, ""packaging"": 3, ""pleasant look"": 4, ""overall quality"": 3}","{""durability"": 5, ""ease of use"": 5, ""pleasant look"": 5, ""packaging"": 2, ""overall quality"": 5}"
16,The Great Gatsby by F. Scott Fitzgerald,Dive into the roaring twenties with The Great Gatsby by F. Scott Fitzgerald.,"The Great Gatsby is a classic novel that captures the essence of the Jazz Age. Highly recommend for fans of literary fiction!{""durability"": 5, ""ease of use"": 5, ""packaging"": 1, ""pleasant look"": 5, ""overall quality"": 5}","{""durability"": 5, ""ease of use"": 4, ""pleasant look"": 5, ""packaging"": 5, ""overall quality"": 5}"
17,Revlon One-Step Hair Dryer and Volumizer,Achieve salon-worthy blowouts at home with the Revlon One-Step Hair Dryer and Volumizer.,"The Revlon One-Step is a game-changer for styling hair quickly and effortlessly. However, it can be heavy to hold for extended periods, and the bristles may break over time.{""durability"": 3, ""ease of use"": 4, ""packaging"": 4, ""pleasant look"": 4, ""overall quality"": 4}","{""durability"": 5, ""ease of use"": 4, ""packaging"": 5, ""pleasant look"": 5, ""overall quality"": 5}"
18,Zinus Memory Foam 12 Inch Green Tea Mattress,Experience superior comfort and support with the Zinus Memory Foam Green Tea Mattress.,"The Zinus Green Tea Mattress provides excellent pressure relief and sleeps cool throughout the night. However, it emits a strong odor upon unboxing, and the edges may sag over time.","{""durability"": 5, ""ease of use"": 5, ""pleasant look"": 5, ""packaging"": 3, ""overall quality"": 5}"
19,Fenty Beauty Gloss Bomb Universal Lip Luminizer,Get luscious lips with Fenty Beauty Gloss Bomb Universal Lip Luminizer.,"The Fenty Beauty Gloss Bomb adds the perfect touch of shine and hydration to any look. However, the applicator can be messy, and the formula tends to be sticky.","{""durability"": 5, ""ease of use"": 5, ""pleasant look"": 5, ""packaging"": 2, ""overall quality"": 5}"
20,ASOS Design Slim Tailored Suit Jacket,Look sharp and sophisticated in the ASOS Design Slim Tailored Suit Jacket.,"The ASOS suit jacket offers a modern fit and stylish design, perfect for formal occasions. However, the fabric wrinkles easily, and the buttons may come loose with frequent wear.","{""durability"": 5, ""ease of use"": 4, ""pleasant look"": 5, ""packaging"": 5, ""overall quality"": 5}"
21,Breville Smart Oven Air Fryer,Cook delicious meals with the Breville Smart Oven Air Fryer.,"The Breville Smart Oven combines air frying, baking, and roasting functions for versatile cooking options. However, the exterior gets hot during use, and the presets may not always cook food evenly.","{""durability"": 5, ""ease of use"": 4, ""packaging"": 5, ""pleasant look"": 5, ""overall quality"": 5}"
22,Olay Regenerist Micro-Sculpting Cream,Achieve youthful-looking skin with Olay Regenerist Micro-Sculpting Cream.,"The Olay Regenerist Cream hydrates and firms the skin for a more radiant complexion. However, it may cause breakouts for those with sensitive skin, and the fragrance is overpowering.","{""durability"": 5, ""ease of use"": 5, ""pleasant look"": 5, ""packaging"": 3, ""overall quality"": 5}"
23,Nike Men's Revolution 5 Running Shoes,Experience comfort and performance with Nike Men's Revolution 5 Running Shoes.,"The Nike Revolution 5 offers excellent cushioning and support for long runs. However, the sizing runs small, and the durability of the upper mesh is questionable.","{""durability"": 5, ""ease of use"": 5, ""pleasant look"": 5, ""packaging"": 2, ""overall quality"": 5}"
24,Bose SoundLink Color Bluetooth Speaker II,Enjoy crisp and clear sound with the Bose SoundLink Color Bluetooth Speaker II.,"The Bose SoundLink delivers impressive audio quality in a compact and portable design. However, the battery life is mediocre, and the speaker may distort at higher volumes.","{""durability"": 5, ""ease of use"": 4, ""pleasant look"": 5, ""packaging"": 5, ""overall quality"": 5}"
25,Clinique Dramatically Different Moisturizing Lotion+,Hydrate and nourish your skin with Clinique Dramatically Different Moisturizing Lotion+.,"The Clinique Moisturizing Lotion is lightweight and absorbs quickly for all-day hydration. However, it may cause irritation for those with sensitive skin, and the pump dispenser can be difficult to control.","{""durability"": 3, ""ease of use"": 4, ""packaging"": 4, ""pleasant look"": 2, ""overall quality"": 2}"
26,Under Armour Women's Play Up Shorts,Stay cool and comfortable during workouts with Under Armour Women's Play Up Shorts.,"The Under Armour Play Up Shorts offer moisture-wicking fabric and a relaxed fit for unrestricted movement. However, the sizing runs small, and the elastic waistband may dig in during activity.","{""durability"": 3, ""ease of use"": 4, ""packaging"": 4, ""pleasant look"": 2, ""overall quality"": 2}"
27,CeraVe Hydrating Facial Cleanser,Cleanse and hydrate your skin with CeraVe Hydrating Facial Cleanser.,"The CeraVe Cleanser effectively removes dirt and impurities without stripping the skin's natural moisture barrier. However, it may leave a residue on the skin, and the pump dispenser tends to clog.","{""durability"": 3, ""ease of use"": 4, ""packaging"": 4, ""pleasant look"": 2, ""overall quality"": 2}"
28,Adidas Women's Cloudfoam QT Racer Running Shoe,Hit the pavement in style with Adidas Women's Cloudfoam QT Racer Running Shoe.,The Adidas Cloudfoam QT Racer offers lightweight use.,"{""durability"": 3, ""ease of use"": 4, ""packaging"": 4, ""pleasant look"": 2, ""overall quality"": 2}"
29,Apple iPhone 13 Pro,Experience the latest technology with the Apple iPhone 13 Pro.,"The iPhone 13 Pro offers exceptional performance, stunning camera capabilities, and a sleek design. However, the battery life could be better, and the price is quite steep.","{""durability"": 3, ""ease of use"": 4, ""packaging"": 4, ""pleasant look"": 2, ""overall quality"": 2}"
30,Levi's 501 Original Fit Jeans,Stay stylish and comfortable with Levi's 501 Original Fit Jeans.,"Levi's 501 Jeans are a timeless classic with a comfortable fit and durable construction. However, they may shrink after washing, and the sizing can be inconsistent.","{""durability"": 5, ""ease of use"": 4, ""pleasant look"": 5, ""packaging"": 5, ""overall quality"": 5}"
31,Sony WH-1000XM4 Wireless Noise-Canceling Headphones,Immerse yourself in music with Sony WH-1000XM4 Wireless Noise-Canceling Headphones.,"The Sony WH-1000XM4 headphones deliver exceptional sound quality and industry-leading noise cancellation. However, the ear cups may be too tight for some users, and the touch controls can be finicky.","{""durability"": 3, ""ease of use"": 4, ""packaging"": 4, ""pleasant look"": 2, ""overall quality"": 2}"
32,L'Oreal Paris Voluminous Lash Paradise Mascara,Enhance your lashes with L'Oreal Paris Voluminous Lash Paradise Mascara.,"The L'Oreal Lash Paradise Mascara provides volume and length without clumping. However, it tends to flake throughout the day, and the wand may be too large for precise application.","{""durability"": 3, ""ease of use"": 4, ""packaging"": 4, ""pleasant look"": 2, ""overall quality"": 2}"
33,H&M Knit Sweater,Stay cozy and stylish in the H&M Knit Sweater.,"The H&M Knit Sweater is soft, warm, and perfect for layering during the colder months. However, it may pill after multiple washes, and the sizing runs small.","{""durability"": 3, ""ease of use"": 4, ""packaging"": 4, ""pleasant look"": 2, ""overall quality"": 2}"
34,Neutrogena Hydro Boost Water Gel Moisturizer,Hydrate your skin with Neutrogena Hydro Boost Water Gel Moisturizer.,"The Neutrogena Hydro Boost Moisturizer provides intense hydration without feeling greasy. However, it may not be suitable for those with very dry skin, and the fragrance may be too strong for sensitive noses.","{""durability"": 3, ""ease of use"": 4, ""packaging"": 4, ""pleasant look"": 2, ""overall quality"": 2}"
35,Amazon Basics 6-Sheet Cross-Cut Paper and Credit Card Shredder,Protect your privacy with the Amazon Basics 6-Sheet Cross-Cut Paper and Credit Card Shredder.,"The Amazon Basics Shredder efficiently destroys sensitive documents and credit cards. However, it may jam occasionally, and the bin capacity is small.","{""durability"": 5, ""ease of use"": 4, ""pleasant look"": 5, ""packaging"": 5, ""overall quality"": 5}"
36,Dyson V11 Torque Drive Cordless Vacuum Cleaner,Keep your home clean with the Dyson V11 Torque Drive Cordless Vacuum Cleaner.,"The Dyson V11 Vacuum offers powerful suction, long battery life, and versatile cleaning attachments. However, it's quite expensive, and the dustbin may be small for larger homes.","{""durability"": 3, ""ease of use"": 4, ""packaging"": 4, ""pleasant look"": 2, ""overall quality"": 2}"
37,MAC Matte Lipstick,Make a statement with MAC Matte Lipstick.,"MAC Matte Lipstick offers bold color and long-lasting wear. However, it can be drying on the lips, and the price point is high compared to other brands.","{""durability"": 3, ""ease of use"": 4, ""packaging"": 4, ""pleasant look"": 2, ""overall quality"": 2}"
38,Fujifilm Instax Mini 11 Instant Camera,Capture memories instantly with the Fujifilm Instax Mini 11 Instant Camera.,"The Fujifilm Instax Mini 11 is easy to use and produces fun, nostalgic prints. However, the picture quality is not as sharp as digital cameras, and the film can be expensive.","{""durability"": 3, ""ease of use"": 4, ""packaging"": 4, ""pleasant look"": 2, ""overall quality"": 2}"
39,Cuisinart Stainless Steel 12-Cup Programmable Coffee Maker,Brew your favorite coffee with the Cuisinart Stainless Steel 12-Cup Programmable Coffee Maker.,"The Cuisinart Coffee Maker offers customizable brewing options and a sleek design for any kitchen. However, it may leak if not assembled correctly, and the carafe handle is not ergonomic.","{""durability"": 3, ""ease of use"": 4, ""packaging"": 4, ""pleasant look"": 2, ""overall quality"": 2}"
40,The Body Shop Tea Tree Skin Clearing Facial Wash,Purify your skin with The Body Shop Tea Tree Skin Clearing Facial Wash.,"The Body Shop Facial Wash helps control oil and blemishes for clearer skin. However, it may be too harsh for sensitive skin, and the tea tree scent is quite strong.","{""durability"": 3, ""ease of use"": 4, ""packaging"": 4, ""pleasant look"": 2, ""overall quality"": 2}"
41,Brooks Ghost 14 Running Shoes,Hit the road with Brooks Ghost 14 Running Shoes.,"Brooks Ghost 14 offers plush cushioning and a smooth ride for neutral runners. However, the sizing runs narrow, and the durability of the outsole may be lacking for heavy mileage.","{""durability"": 5, ""ease of use"": 4, ""pleasant look"": 5, ""packaging"": 5, ""overall quality"": 5}"
42,Instant Pot Duo 6-Quart 7-in-1 Electric Pressure Cooker,Cook meals quickly and easily with the Instant Pot Duo 6-Quart 7-in-1 Electric Pressure Cooker.,"The Instant Pot Duo combines multiple cooking functions for versatile meal prep. However, it has a learning curve for beginners, and the sealing ring may retain odors.","{""durability"": 3, ""ease of use"": 4, ""packaging"": 4, ""pleasant look"": 2, ""overall quality"": 2}"
43,Urban Decay Naked3 Eyeshadow Palette,Create stunning eye looks with the Urban Decay Naked3 Eyeshadow Palette.,"The Urban Decay Naked3 Palette features a range of rosy-hued shades in matte and shimmer finishes. However, the fallout can be an issue, and some shades may lack pigmentation.","{""durability"": 3, ""ease of use"": 4, ""packaging"": 4, ""pleasant look"": 2, ""overall quality"": 2}"
44,Gap Essential Crewneck T-Shirt,Update your wardrobe with the Gap Essential Crewneck T-Shirt.,"The Gap Crewneck T-Shirt is soft, comfortable, and perfect for everyday wear. However, it may shrink after washing, and the colors may fade over time.","{""durability"": 3, ""ease of use"": 4, ""packaging"": 4, ""pleasant look"": 2, ""overall quality"": 2}"
45,Google Nest Learning Thermostat,Save energy and stay comfortable with the Google Nest Learning Thermostat.,"The Google Nest Thermostat learns your heating and cooling preferences for efficient temperature control. However, the initial setup can be complicated, and it may not be compatible with all HVAC systems.","{""durability"": 3, ""ease of use"": 4, ""packaging"": 4, ""pleasant look"": 2, ""overall quality"": 2}"
46,Apple AirPods Pro,Immerse yourself in your music with Apple AirPods Pro.,"The Apple AirPods Pro deliver impressive sound quality and active noise cancellation for an immersive listening experience. However, the battery life is lacking, and the ear tips may not fit securely for all users.","{""durability"": 5, ""ease of use"": 4, ""pleasant look"": 5, ""packaging"": 5, ""overall quality"": 5}"
47,Nike Air Zoom Pegasus 38 Running Shoes,Hit the pavement with Nike Air Zoom Pegasus 38 Running Shoes.,"Nike Air Zoom Pegasus 38 offers responsive cushioning and a lightweight feel for a comfortable run. However, the durability may be an issue for heavy runners, and the sizing runs small.","{""durability"": 3, ""ease of use"": 4, ""packaging"": 4, ""pleasant look"": 2, ""overall quality"": 2}"
48,Revlon One-Step Hair Dryer and Volumizer,Style your hair with ease using the Revlon One-Step Hair Dryer and Volumizer.,"The Revlon One-Step Hair Dryer and Volumizer combines drying and styling in one convenient tool. However, it may be too bulky for travel, and the bristles may cause tangling.","{""durability"": 3, ""ease of use"": 4, ""packaging"": 4, ""pleasant look"": 2, ""overall quality"": 2}"
49,Amazon Echo Dot (4th Gen) Smart Speaker with Alexa,Make your home smarter with the Amazon Echo Dot (4th Gen) Smart Speaker.,"The Amazon Echo Dot offers impressive sound quality and Alexa voice assistant for hands-free control. However, it may struggle to hear commands in noisy environments, and the privacy concerns are valid.","{""durability"": 3, ""ease of use"": 4, ""packaging"": 4, ""pleasant look"": 2, ""overall quality"": 2}"
50,Maybelline Instant Age Rewind Eraser Dark Circles Treatment Concealer,Conceal dark circles with Maybelline Instant Age Rewind Eraser Dark Circles Treatment Concealer.,"Maybelline Instant Age Rewind Concealer provides buildable coverage and hydration for a refreshed look. However, the applicator may be unhygienic, and the shade range is limited.","{""durability"": 3, ""ease of use"": 4, ""packaging"": 4, ""pleasant look"": 2, ""overall quality"": 2}"
51,Nintendo Switch Console,Enter the world of gaming with the Nintendo Switch Console.,"The Nintendo Switch offers versatile gameplay options with both handheld and docked modes. However, the joy-con drift issue is a significant drawback, and the online subscription service could be improved.","{""durability"": 5, ""ease of use"": 4, ""pleasant look"": 5, ""packaging"": 5, ""overall quality"": 5}"
52,IKEA Kallax Shelf Unit,Organize your space with the IKEA Kallax Shelf Unit.,"The IKEA Kallax Shelf Unit is versatile, stylish, and perfect for storing books, decor, and more. However, assembly can be time-consuming, and the particleboard construction may not hold up to heavy items.","{""durability"": 3, ""ease of use"": 4, ""packaging"": 4, ""pleasant look"": 2, ""overall quality"": 2}"
53,Olay Regenerist Micro-Sculpting Cream,Revitalize your skin with Olay Regenerist Micro-Sculpting Cream.,"Olay Regenerist Micro-Sculpting Cream hydrates and firms the skin for a youthful appearance. However, it may cause breakouts for those with sensitive skin, and the fragrance can be overpowering.","{""durability"": 3, ""ease of use"": 4, ""packaging"": 4, ""pleasant look"": 2, ""overall quality"": 2}"
54,Sony PlayStation 5 Gaming Console,Experience next-gen gaming with the Sony PlayStation 5 Gaming Console.,"The Sony PlayStation 5 delivers stunning graphics and immersive gameplay experiences. However, the console's size is cumbersome, and it's challenging to find in stock.","{""durability"": 3, ""ease of use"": 4, ""packaging"": 4, ""pleasant look"": 2, ""overall quality"": 2}"
55,Urban Decay All Nighter Long-Lasting Makeup Setting Spray,Keep your makeup in place all day with Urban Decay All Nighter Setting Spray.,"Urban Decay All Nighter Setting Spray extends the wear of your makeup without fading or melting. However, it may feel sticky on the skin, and the aerosol spray can be wasteful.","{""durability"": 3, ""ease of use"": 4, ""packaging"": 4, ""pleasant look"": 2, ""overall quality"": 2}"
56,Bose QuietComfort Earbuds,Immerse yourself in music with Bose QuietComfort Earbuds.,"Bose QuietComfort Earbuds deliver powerful sound and effective noise cancellation. However, the ear tips may cause discomfort during extended wear, and the touch controls can be finicky.","{""durability"": 5, ""ease of use"": 4, ""pleasant look"": 5, ""packaging"": 5, ""overall quality"": 5}"
57,Amazon Basics Mesh Desk Organizer,Keep your workspace tidy with the Amazon Basics Mesh Desk Organizer.,"The Amazon Basics Desk Organizer offers multiple compartments for storing pens, papers, and other office supplies. However, the mesh construction may bend or break easily, and the design is somewhat uninspired.","{""durability"": 3, ""ease of use"": 4, ""packaging"": 4, ""pleasant look"": 2, ""overall quality"": 2}"
58,Canon EOS Rebel T7 DSLR Camera,Capture stunning photos with the Canon EOS Rebel T7 DSLR Camera.,"The Canon EOS Rebel T7 features a user-friendly interface and impressive image quality. However, the autofocus system is slow, and the kit lens may lack sharpness.","{""durability"": 3, ""ease of use"": 4, ""packaging"": 4, ""pleasant look"": 2, ""overall quality"": 2}"
59,Under Armour Men's Tech 2.0 Short Sleeve T-Shirt,Stay cool and comfortable during workouts with Under Armour Men's Tech 2.0 Short Sleeve T-Shirt.,"Under Armour Tech 2.0 T-Shirt wicks away sweat and dries quickly for optimal performance. However, the sizing may run small, and the fabric is prone to pilling.","{""durability"": 3, ""ease of use"": 4, ""packaging"": 4, ""pleasant look"": 2, ""overall quality"": 2}"
60,Dell XPS 13 Laptop,Experience power and portability with the Dell XPS 13 Laptop.,"The Dell XPS 13 features a stunning display, long battery life, and fast performance. However, it may run hot under heavy load, and the webcam placement is awkward.","{""durability"": 3, ""ease of use"": 4, ""packaging"": 4, ""pleasant look"": 2, ""overall quality"": 2}"
61,Tarte Shape Tape Concealer,Conceal imperfections with Tarte Shape Tape Concealer.,"Tarte Shape Tape Concealer offers full coverage and a matte finish for flawless-looking skin. However, it may emphasize dry patches, and the shade range is limited.","{""durability"": 5, ""ease of use"": 4, ""pleasant look"": 5, ""packaging"": 5, ""overall quality"": 5}"
62,Cuisinart ICE-21 1.5 Quart Frozen Yogurt-Ice Cream Maker,Indulge in homemade frozen treats with the Cuisinart ICE-21 Ice Cream Maker.,"The Cuisinart ICE-21 Ice Cream Maker is easy to use and produces delicious desserts in minutes. However, it may be noisy during operation, and the capacity is relatively small.","{""durability"": 3, ""ease of use"": 4, ""packaging"": 4, ""pleasant look"": 2, ""overall quality"": 2}"
63,Apple Watch Series 7,Stay connected and track your health with the Apple Watch Series 7.,"The Apple Watch Series 7 offers a bright display and comprehensive fitness tracking features. However, the battery life is inconsistent, and the watch bands are expensive to replace.","{""durability"": 3, ""ease of use"": 4, ""packaging"": 4, ""pleasant look"": 1, ""overall quality"": 3}"
64,Lululemon Align Pant II,Experience comfort and style with Lululemon Align Pant II.,"Lululemon Align Pant II provides a buttery-soft feel and flattering fit for yoga and everyday wear. However, the fabric may pill over time, and the price point is high compared to similar leggings.","{""durability"": 5, ""ease of use"": 4, ""pleasant look"": 5, ""packaging"": 5, ""overall quality"": 5}"
65,Neutrogena Hydro Boost Water Gel Moisturizer,Hydrate your skin with Neutrogena Hydro Boost Water Gel Moisturizer.,"Neutrogena Hydro Boost Moisturizer absorbs quickly and leaves the skin feeling hydrated and refreshed. However, it may not provide enough moisture for very dry skin, and the fragrance may be overpowering.","{""durability"": 3, ""ease of use"": 4, ""packaging"": 4, ""pleasant look"": 2, ""overall quality"": 2}"
66,Dyson V11 Torque Drive Cordless Vacuum Cleaner,Keep your home clean with Dyson V11 Torque Drive Cordless Vacuum Cleaner.,"The Dyson V11 Torque Drive offers powerful suction and versatile cleaning attachments. However, the battery life may be insufficient for larger homes, and the price is steep.","{""durability"": 3, ""ease of use"": 4, ""packaging"": 4, ""pleasant look"": 1, ""overall quality"": 3}"
67,Anker Soundcore Liberty Air 2 Pro True Wireless Earbuds,Enjoy wireless freedom with Anker Soundcore Liberty Air 2 Pro Earbuds.,"Anker Soundcore Liberty Air 2 Pro Earbuds deliver impressive sound quality and active noise cancellation. However, the touch controls can be overly sensitive, and the ear tips may not fit securely for all users.","{""durability"": 5, ""ease of use"": 4, ""pleasant look"": 5, ""packaging"": 5, ""overall quality"": 5}"
68,The Ordinary Niacinamide 10% + Zinc 1% Serum,Target blemishes and improve skin texture with The Ordinary Niacinamide Serum.,"The Ordinary Niacinamide Serum helps reduce the appearance of enlarged pores and control excess oil production. However, it may cause irritation for sensitive skin, and the texture is tacky.","{""durability"": 3, ""ease of use"": 4, ""packaging"": 4, ""pleasant look"": 2, ""overall quality"": 2}"
69,Fitbit Charge 5 Fitness and Activity Tracker,Track your fitness goals with the Fitbit Charge 5 Fitness Tracker.,"Fitbit Charge 5 offers advanced health monitoring features and long battery life. However, the touchscreen may be unresponsive at times, and the strap may wear out quickly.","{""durability"": 3, ""ease of use"": 4, ""packaging"": 4, ""pleasant look"": 1, ""overall quality"": 3}"
70,Benefit Cosmetics They're Real! Lengthening Mascara,Enhance your lashes with Benefit Cosmetics They're Real! Lengthening Mascara.,"Benefit Cosmetics They're Real! Mascara adds length and volume for a dramatic look. However, the formula may clump and flake throughout the day, and the wand is too large for precise application.","{""durability"": 3, ""ease of use"": 4, ""packaging"": 4, ""pleasant look"": 2, ""overall quality"": 2}"
71,Samsung Odyssey G9 Curved Gaming Monitor,Immerse yourself in gaming with the Samsung Odyssey G9 Curved Gaming Monitor.,"Samsung Odyssey G9 features a stunning 49-inch curved display and fast refresh rate for smooth gameplay. However, it may suffer from backlight bleed, and the price is prohibitive for casual gamers.","{""durability"": 3, ""ease of use"": 4, ""packaging"": 4, ""pleasant look"": 1, ""overall quality"": 3}"
72,Philips Sonicare DiamondClean Electric Toothbrush,Upgrade your oral hygiene routine with Philips Sonicare DiamondClean Electric Toothbrush.,"Philips Sonicare DiamondClean Electric Toothbrush removes plaque and whitens teeth for a brighter smile. However, the brush heads are expensive to replace, and the charging base is bulky.","{""durability"": 5, ""ease of use"": 4, ""pleasant look"": 5, ""packaging"": 5, ""overall quality"": 5}"
73,Fjallraven Kanken Classic Backpack,Carry your essentials in style with Fjallraven Kanken Classic Backpack.,"Fjallraven Kanken Classic Backpack offers durability and timeless design for everyday use. However, the lack of padding on the straps may cause discomfort with heavy loads, and the price is steep for a basic backpack.","{""durability"": 3, ""ease of use"": 4, ""packaging"": 4, ""pleasant look"": 2, ""overall quality"": 2}"
74,L'Oreal Paris Voluminous Lash Paradise Mascara,Create voluminous lashes with L'Oreal Paris Voluminous Lash Paradise Mascara.,"L'Oreal Paris Voluminous Lash Paradise Mascara adds volume and length without clumping. However, it may smudge and flake throughout the day, and the formula is difficult to remove.","{""durability"": 3, ""ease of use"": 4, ""packaging"": 4, ""pleasant look"": 1, ""overall quality"": 3}"
75,Sony WH-1000XM4 Wireless Noise-Canceling Headphones,Immerse yourself in music with Sony WH-1000XM4 Wireless Headphones.,"Sony WH-1000XM4 Headphones offer superior sound quality and effective noise cancellation. However, the ear cups may be too small for some users, and the touch controls can be finicky.","{""durability"": 5, ""ease of use"": 4, ""pleasant look"": 5, ""packaging"": 5, ""overall quality"": 5}"
76,Instant Pot Duo 7-in-1 Electric Pressure Cooker,Cook meals quickly and easily with Instant Pot Duo 7-in-1 Electric Pressure Cooker.,"Instant Pot Duo Pressure Cooker offers multiple cooking functions and a large capacity for family meals. However, the learning curve may be steep for beginners, and the sealing ring retains odors.","{""durability"": 3, ""ease of use"": 4, ""packaging"": 4, ""pleasant look"": 2, ""overall quality"": 2}"
77,Burt's Bees Beeswax Lip Balm,Keep your lips moisturized with Burt's Bees Beeswax Lip Balm.,"Burt's Bees Beeswax Lip Balm provides long-lasting hydration and a natural peppermint flavor. However, it may feel waxy on the lips, and the packaging is prone to cracking.","{""durability"": 3, ""ease of use"": 4, ""packaging"": 4, ""pleasant look"": 1, ""overall quality"": 3}"
78,Le Creuset Enameled Cast Iron Dutch Oven,Cook delicious meals with Le Creuset Enameled Cast Iron Dutch Oven.,"Le Creuset Dutch Oven distributes heat evenly for perfect cooking results every time. However, it's heavy and expensive compared to other brands, and the enamel coating may chip over time.","{""durability"": 5, ""ease of use"": 4, ""pleasant look"": 5, ""packaging"": 5, ""overall quality"": 5}"
79,Fossil Gen 5 Carlyle Stainless Steel Smartwatch,Stay connected and stylish with Fossil Gen 5 Carlyle Smartwatch.,"Fossil Gen 5 Carlyle Smartwatch offers customizable dials and fitness tracking features. However, the battery life is short, and the watch may lag during operation.","{""durability"": 3, ""ease of use"": 4, ""packaging"": 4, ""pleasant look"": 2, ""overall quality"": 2}"
80,Columbia Women's Benton Springs Full Zip Fleece Jacket,Stay warm and cozy with Columbia Women's Benton Springs Fleece Jacket.,"Columbia Benton Springs Fleece Jacket offers softness and warmth for chilly days. However, the sizing runs small, and the zipper may be flimsy.","{""durability"": 3, ""ease of use"": 4, ""packaging"": 4, ""pleasant look"": 1, ""overall quality"": 3}"
81,Bose SoundLink Color Bluetooth Speaker II,Enjoy music on the go with Bose SoundLink Color Bluetooth Speaker II.,"Bose SoundLink Color Speaker II delivers bold sound and vibrant colors. However, the battery life is short, and the speaker may distort at high volumes.","{""durability"": 5, ""ease of use"": 4, ""pleasant look"": 5, ""packaging"": 5, ""overall quality"": 5}"
82,Garnier SkinActive Micellar Cleansing Water,Remove makeup and impurities with Garnier SkinActive Micellar Cleansing Water.,"Garnier Micellar Cleansing Water gently cleanses the skin without harsh rubbing. However, it may leave a residue on the skin, and the packaging is not eco-friendly.","{""durability"": 3, ""ease of use"": 4, ""packaging"": 4, ""pleasant look"": 2, ""overall quality"": 2}"
83,Samsung Galaxy S22 Ultra Smartphone,Experience the ultimate in mobile technology with the Samsung Galaxy S22 Ultra Smartphone.,"The Samsung Galaxy S22 Ultra is a powerhouse device with a stunning display and versatile camera system. It offers blazing-fast performance and a sleek design that exudes luxury. The battery life is impressive, easily lasting a full day with heavy usage. Overall, it's a top-notch smartphone that delivers on all fronts.","{""durability"": 5, ""ease of use"": 4, ""pleasant look"": 5, ""packaging"": 5, ""overall quality"": 5}"
84,Olay Regenerist Micro-Sculpting Cream,Revitalize your skin with Olay Regenerist Micro-Sculpting Cream.,"Olay Regenerist Micro-Sculpting Cream is a holy grail product for anyone concerned about aging skin. Its advanced formula hydrates and plumps the skin, reducing the appearance of fine lines and wrinkles. With regular use, you'll notice firmer, more radiant skin that looks years younger. It's a game-changer in my skincare routine.","{""durability"": 3, ""ease of use"": 4, ""packaging"": 4, ""pleasant look"": 2, ""overall quality"": 2}"
85,Adidas Ultraboost 22 Running Shoes,Experience the pinnacle of comfort with Adidas Ultraboost 22 Running Shoes.,"Adidas Ultraboost 22 is a revolutionary running shoe that combines style and performance. The Boost midsole provides unmatched energy return with every step, while the Primeknit upper offers a snug, adaptive fit. Whether you're logging miles on the road or hitting the gym, these shoes will keep you comfortable and supported.","{""durability"": 5, ""ease of use"": 4, ""pleasant look"": 5, ""packaging"": 5, ""overall quality"": 5}"
86,Maybelline Instant Age Rewind Eraser Dark Circles Treatment Concealer,Banish dark circles with Maybelline Instant Age Rewind Eraser Concealer.,"Maybelline Instant Age Rewind Eraser Concealer is a lifesaver for tired eyes. Its creamy formula blends seamlessly into the skin, camouflaging dark circles and brightening the under-eye area. The sponge applicator makes application a breeze, and the lightweight texture ensures a natural finish. It's a must-have in my makeup bag.","{""durability"": 5, ""ease of use"": 4, ""pleasant look"": 5, ""packaging"": 5, ""overall quality"": 5}"
87,Canon EOS Rebel T8i DSLR Camera,Capture life's moments in stunning detail with the Canon EOS Rebel T8i DSLR Camera.,"Canon EOS Rebel T8i is a versatile DSLR camera that's perfect for beginners and enthusiasts alike. It offers a range of shooting modes and features, including 4K video recording and fast autofocus. The vari-angle touchscreen makes it easy to compose shots from any angle, while the built-in Wi-Fi and Bluetooth allow for seamless sharing of your photos and videos. It's a reliable camera that delivers impressive results every time.","{""durability"": 5, ""ease of use"": 4, ""pleasant look"": 5, ""packaging"": 5, ""overall quality"": 5}"
88,CeraVe Hydrating Facial Cleanser,Gently cleanse and hydrate your skin with CeraVe Hydrating Facial Cleanser.,"CeraVe Hydrating Facial Cleanser is a gentle yet effective cleanser that removes dirt, oil, and makeup without stripping the skin's natural moisture barrier. Its fragrance-free and non-comedogenic formula is suitable for all skin types, including sensitive skin. With ceramides and hyaluronic acid, it helps replenish and lock in moisture for softer, smoother skin. It's a staple in my skincare routine.","{""durability"": 5, ""ease of use"": 4, ""pleasant look"": 5, ""packaging"": 5, ""overall quality"": 5}"
89,Sony PlayStation 5 Gaming Console,Immerse yourself in the world of gaming with the Sony PlayStation 5 Gaming Console.,"Sony PlayStation 5 is the ultimate gaming console for gamers of all levels. With cutting-edge graphics and lightning-fast load times, it delivers a truly immersive gaming experience. Whether you're into action-packed adventures or epic multiplayer battles, the PS5 has something for everyone. It's a must-have for any gaming enthusiast.","{""durability"": 3, ""ease of use"": 4, ""pleasant look"": 5, ""packaging"": 3, ""overall quality"": 5}"
90,L'Oreal Paris Revitalift Anti-Wrinkle + Firming Face & Neck Contour Cream,Turn back the clock with L'Oreal Paris Revitalift Anti-Wrinkle + Firming Cream.,"L'Oreal Paris Revitalift Cream is a powerhouse anti-aging moisturizer that targets wrinkles and sagging skin. Its rich, creamy texture absorbs quickly into the skin, leaving it feeling hydrated and plump. With continued use, you'll notice firmer, smoother skin with improved elasticity. It's a skincare essential for anyone concerned about aging.","{""durability"": 3, ""ease of use"": 4, ""pleasant look"": 5, ""packaging"": 3, ""overall quality"": 5}"
91,Nintendo Switch OLED Model Gaming Console,Experience gaming like never before with the Nintendo Switch OLED Model Gaming Console.,"Nintendo Switch OLED Model takes gaming to the next level with its vibrant OLED display and enhanced audio. Whether you're playing on the go or at home, the Switch offers endless entertainment with its library of games. From Mario Kart to Animal Crossing, there's something for everyone to enjoy. It's a must-have for any gamer.","{""durability"": 3, ""ease of use"": 4, ""pleasant look"": 5, ""packaging"": 3, ""overall quality"": 5}"
92,Cetaphil Daily Facial Moisturizer SPF 15,Protect and hydrate your skin with Cetaphil Daily Facial Moisturizer SPF 15.,"Cetaphil Daily Facial Moisturizer is a lightweight and non-greasy moisturizer that provides broad-spectrum sun protection. Its fragrance-free and gentle formula is suitable for all skin types, including sensitive skin. With SPF 15, it helps prevent sunburn and premature aging caused by UV rays. It's a skincare essential for daily sun protection.","{""durability"": 3, ""ease of use"": 4, ""pleasant look"": 5, ""packaging"": 3, ""overall quality"": 5}"
93,Adidas Originals Men's Stan Smith Sneakers,Step out in style with Adidas Originals Men's Stan Smith Sneakers.,"The Adidas Stan Smith sneakers looked great at first, but they started falling apart after just a few weeks of wear. Disappointing quality for the price.","{""durability"": 1, ""ease of use"": 3, ""pleasant look"": 4, ""packaging"": 3, ""overall quality"": 2}"
94,Maybelline New York Instant Age Rewind Eraser Dark Circles Treatment Concealer,Get rid of dark circles and fine lines with Maybelline New York Instant Age Rewind Eraser Dark Circles Treatment Concealer.,Didn't cover dark circles well. Disappointed.,"{""durability"": 1, ""ease of use"": 3, ""pleasant look"": 2, ""packaging"": 1, ""overall quality"": 2}"
95,Bissell CleanView Swivel Pet Upright Bagless Vacuum Cleaner,Keep your home clean from pet hair with the Bissell CleanView Swivel Pet Upright Bagless Vacuum Cleaner.,Vacuum doesn't pick up pet hair effectively. Waste of money.,"{""durability"": 1, ""ease of use"": 3, ""pleasant look"": 4, ""packaging"": 3, ""overall quality"": 2}"
96,Samsung 32-Inch Class N5300 Smart Full HD TV,Enjoy crisp and clear visuals with the Samsung 32-Inch Class N5300 Smart Full HD TV.,TV stopped working after a month. Extremely disappointed.,"{""durability"": 1, ""ease of use"": 3, ""pleasant look"": 2, ""packaging"": 1, ""overall quality"": 2}"
97,Dove Beauty Bar,Moisturize and nourish your skin with Dove Beauty Bar.,Dove Beauty Bar dried out my skin. Not recommended.,"{""durability"": 1, ""ease of use"": 3, ""pleasant look"": 4, ""packaging"": 3, ""overall quality"": 2}"
98,Cuisinart Advantage 12-Piece Color-Coded Knife Set,Upgrade your kitchen with the Cuisinart Advantage 12-Piece Color-Coded Knife Set.,Knives rusted after a few uses. Poor quality.,"{""durability"": 1, ""ease of use"": 3, ""pleasant look"": 2, ""packaging"": 1, ""overall quality"": 2}"
99,Apple AirPods Pro,Experience immersive sound with Apple AirPods Pro.,AirPods Pro didn't fit well in my ears. Disappointed with the comfort.,"{""durability"": 1, ""ease of use"": 2, ""pleasant look"": 4, ""packaging"": 1, ""overall quality"": 2}"
100,Instant Pot Duo 7-in-1 Electric Pressure Cooker,Cook your favorite meals faster with the Instant Pot Duo 7-in-1 Electric Pressure Cooker.,Pressure cooker stopped working after a few uses. Not durable.,"{""durability"": 1, ""ease of use"": 2, ""pleasant look"": 4, ""packaging"": 1, ""overall quality"": 2}"
101,Revlon One-Step Hair Dryer & Volumizer Hot Air Brush,Achieve salon-worthy hair with the Revlon One-Step Hair Dryer & Volumizer Hot Air Brush.,Hair dryer brush tangled my hair. Waste of money.,"{""durability"": 1, ""ease of use"": 3, ""pleasant look"": 2, ""packaging"": 1, ""overall quality"": 2}"
102,Amazon Basics 6-Piece Fade-Resistant Cotton Bath Towel Set,Wrap yourself in luxury with the Amazon Basics 6-Piece Fade-Resistant Cotton Bath Towel Set.,Towels lost color after washing. Poor quality.,"{""durability"": 1, ""ease of use"": 2, ""pleasant look"": 4, ""packaging"": 1, ""overall quality"": 2}"
103,Fitbit Charge 4 Fitness and Activity Tracker,Track your fitness goals with the Fitbit Charge 4 Fitness and Activity Tracker.,Fitbit stopped syncing with my phone. Disappointed with the functionality.,"{""durability"": 1, ""ease of use"": 3, ""pleasant look"": 4, ""packaging"": 3, ""overall quality"": 2}"
104,CeraVe Hydrating Facial Cleanser,Gently cleanse and hydrate your skin with CeraVe Hydrating Facial Cleanser.,Cleanser caused breakouts on my skin. Not suitable for sensitive skin.,"{""durability"": 1, ""ease of use"": 3, ""pleasant look"": 4, ""packaging"": 1, ""overall quality"": 2}"
105,Sony WH-1000XM4 Wireless Industry Leading Noise Canceling Overhead Headphones,Immerse yourself in music with Sony WH-1000XM4 Wireless Noise Canceling Headphones.,Headphones stopped charging after a month. Disappointed with the battery life.,"{""durability"": 1, ""ease of use"": 2, ""pleasant look"": 4, ""packaging"": 1, ""overall quality"": 2}"
106,Anker PowerCore 10000 Portable Charger,Stay powered up on the go with the Anker PowerCore 10000 Portable Charger.,Portable charger didn't hold charge well. Not reliable.,"{""durability"": 1, ""ease of use"": 3, ""pleasant look"": 4, ""packaging"": 3, ""overall quality"": 2}"
107,Roku Streaming Stick+,Stream your favorite shows with the Roku Streaming Stick+.,Roku stick froze frequently. Frustrating experience.,"{""durability"": 1, ""ease of use"": 3, ""pleasant look"": 2, ""packaging"": 1, ""overall quality"": 1}"
108,Neutrogena Hydro Boost Hyaluronic Acid Hydrating Water Gel Daily Face Moisturizer,Hydrate and smooth your skin with Neutrogena Hydro Boost Hydrating Water Gel.,Moisturizer caused irritation on my skin. Not suitable for sensitive skin.,"{""durability"": 1, ""ease of use"": 2, ""pleasant look"": 4, ""packaging"": 1, ""overall quality"": 2}"